"SECTOR","FUNDS","UNITS_EXP","COU","YEAR","Unit Code","PowerCode Code","Reference Period Code","Value","Flag Codes"
"TIM","TOTAL_F","DF6","AUS","1981","USD","6","2010",3381.358,
"TIM","TOTAL_F","DF6","AUS","1984","USD","6","2010",4128.636,
"TIM","TOTAL_F","DF6","AUS","1986","USD","6","2010",5075.314,
"TIM","TOTAL_F","DF6","AUS","1987","USD","6","2010",5178.294,
"TIM","TOTAL_F","DF6","AUS","1988","USD","6","2010",5500.043,
"TIM","TOTAL_F","DF6","AUS","1990","USD","6","2010",6141.982,
"TIM","TOTAL_F","DF6","AUS","1992","USD","6","2010",7447.283,
"TIM","TOTAL_F","DF6","AUS","1994","USD","6","2010",8308.058,
"TIM","TOTAL_F","DF6","AUS","1996","USD","6","2010",9412.035,
"TIM","TOTAL_F","DF6","AUS","1998","USD","6","2010",9394.897,
"TIM","TOTAL_F","DF6","AUS","2000","USD","6","2010",10218.948,
"TIM","TOTAL_F","DF6","AUS","2002","USD","6","2010",12219.081,
"TIM","TOTAL_F","DF6","AUS","2004","USD","6","2010",13788.118,
"TIM","TOTAL_F","DF6","AUS","2006","USD","6","2010",17048.965,
"TIM","TOTAL_F","DF6","AUS","2008","USD","6","2010",20198.604,
"TIM","TOTAL_F","DF6","AUS","2010","USD","6","2010",20572.872,"c"
"TIM","TOTAL_F","DF6","AUS","2011","USD","6","2010",20647.633,"c"
"TIM","TOTAL_F","DF6","AUS","2013","USD","6","2010",21551.911,"c"
"TIM","TOTAL_F","DF6","AUT","1981","USD","6","2010",2035.421,
"TIM","TOTAL_F","DF6","AUT","1982","USD","6","2010",2163.19,"c"
"TIM","TOTAL_F","DF6","AUT","1983","USD","6","2010",2245.502,"c"
"TIM","TOTAL_F","DF6","AUT","1984","USD","6","2010",2345.001,"c"
"TIM","TOTAL_F","DF6","AUT","1985","USD","6","2010",2407.637,
"TIM","TOTAL_F","DF6","AUT","1986","USD","6","2010",2544.063,"c"
"TIM","TOTAL_F","DF6","AUT","1987","USD","6","2010",2594.353,"c"
"TIM","TOTAL_F","DF6","AUT","1988","USD","6","2010",2766.208,"c"
"TIM","TOTAL_F","DF6","AUT","1989","USD","6","2010",2919.143,
"TIM","TOTAL_F","DF6","AUT","1990","USD","6","2010",3154.232,"c"
"TIM","TOTAL_F","DF6","AUT","1991","USD","6","2010",3448.39,"c"
"TIM","TOTAL_F","DF6","AUT","1992","USD","6","2010",3488.832,"c"
"TIM","TOTAL_F","DF6","AUT","1993","USD","6","2010",3548.928,
"TIM","TOTAL_F","DF6","AUT","1994","USD","6","2010",3833.366,"c"
"TIM","TOTAL_F","DF6","AUT","1995","USD","6","2010",3987.884,"c"
"TIM","TOTAL_F","DF6","AUT","1996","USD","6","2010",4218.973,"c"
"TIM","TOTAL_F","DF6","AUT","1997","USD","6","2010",4514.056,"c"
"TIM","TOTAL_F","DF6","AUT","1998","USD","6","2010",4893.425,
"TIM","TOTAL_F","DF6","AUT","1999","USD","6","2010",5399.502,"c"
"TIM","TOTAL_F","DF6","AUT","2000","USD","6","2010",5703.196,"c"
"TIM","TOTAL_F","DF6","AUT","2001","USD","6","2010",6105.489,"c"
"TIM","TOTAL_F","DF6","AUT","2002","USD","6","2010",6436.511,
"TIM","TOTAL_F","DF6","AUT","2003","USD","6","2010",6838.431,"c"
"TIM","TOTAL_F","DF6","AUT","2004","USD","6","2010",6994.492,
"TIM","TOTAL_F","DF6","AUT","2005","USD","6","2010",7832.972,"c"
"TIM","TOTAL_F","DF6","AUT","2006","USD","6","2010",8054.377,
"TIM","TOTAL_F","DF6","AUT","2007","USD","6","2010",8561.676,
"TIM","TOTAL_F","DF6","AUT","2008","USD","6","2010",9241.607,"c"
"TIM","TOTAL_F","DF6","AUT","2009","USD","6","2010",8986.81,
"TIM","TOTAL_F","DF6","AUT","2010","USD","6","2010",9595.679,"c"
"TIM","TOTAL_F","DF6","AUT","2011","USD","6","2010",9662.589,
"TIM","TOTAL_F","DF6","AUT","2012","USD","6","2010",10632.026,"c"
"TIM","TOTAL_F","DF6","AUT","2013","USD","6","2010",10785.679,
"TIM","TOTAL_F","DF6","AUT","2014","USD","6","2010",11181.503,"c"
"TIM","TOTAL_F","DF6","AUT","2015","USD","6","2010",11348.576,"p; c"
"TIM","TOTAL_F","DF6","AUT","2016","USD","6","2010",11511.787,"p; b"
"TIM","TOTAL_F","DF6","BEL","1983","USD","6","2010",3668.832,"a"
"TIM","TOTAL_F","DF6","BEL","1984","USD","6","2010",3789.23,
"TIM","TOTAL_F","DF6","BEL","1985","USD","6","2010",3979.909,
"TIM","TOTAL_F","DF6","BEL","1986","USD","6","2010",4060.598,
"TIM","TOTAL_F","DF6","BEL","1987","USD","6","2010",4187.003,"m"
"TIM","TOTAL_F","DF6","BEL","1988","USD","6","2010",4260.404,"m"
"TIM","TOTAL_F","DF6","BEL","1989","USD","6","2010",4563.067,"a; c"
"TIM","TOTAL_F","DF6","BEL","1991","USD","6","2010",4719.577,"c"
"TIM","TOTAL_F","DF6","BEL","1993","USD","6","2010",4982.697,"a"
"TIM","TOTAL_F","DF6","BEL","1994","USD","6","2010",5113.411,
"TIM","TOTAL_F","DF6","BEL","1995","USD","6","2010",5299.887,
"TIM","TOTAL_F","DF6","BEL","1996","USD","6","2010",5683.759,
"TIM","TOTAL_F","DF6","BEL","1997","USD","6","2010",6116.602,
"TIM","TOTAL_F","DF6","BEL","1998","USD","6","2010",6337.746,
"TIM","TOTAL_F","DF6","BEL","1999","USD","6","2010",6804.913,
"TIM","TOTAL_F","DF6","BEL","2000","USD","6","2010",7170.357,
"TIM","TOTAL_F","DF6","BEL","2001","USD","6","2010",7602.029,
"TIM","TOTAL_F","DF6","BEL","2002","USD","6","2010",7236.201,
"TIM","TOTAL_F","DF6","BEL","2003","USD","6","2010",7065.097,
"TIM","TOTAL_F","DF6","BEL","2004","USD","6","2010",7230.538,
"TIM","TOTAL_F","DF6","BEL","2005","USD","6","2010",7273.148,
"TIM","TOTAL_F","DF6","BEL","2006","USD","6","2010",7588.577,
"TIM","TOTAL_F","DF6","BEL","2007","USD","6","2010",7975.53,
"TIM","TOTAL_F","DF6","BEL","2008","USD","6","2010",8383.745,
"TIM","TOTAL_F","DF6","BEL","2009","USD","6","2010",8452.899,
"TIM","TOTAL_F","DF6","BEL","2010","USD","6","2010",8966.801,
"TIM","TOTAL_F","DF6","BEL","2011","USD","6","2010",9593.159,
"TIM","TOTAL_F","DF6","BEL","2012","USD","6","2010",10528.279,
"TIM","TOTAL_F","DF6","BEL","2013","USD","6","2010",10853.988,
"TIM","TOTAL_F","DF6","BEL","2014","USD","6","2010",11154.658,"c"
"TIM","TOTAL_F","DF6","BEL","2015","USD","6","2010",11280.161,"p"
"TIM","TOTAL_F","DF6","CAN","1981","USD","6","2010",8204.324,
"TIM","TOTAL_F","DF6","CAN","1982","USD","6","2010",8874.987,
"TIM","TOTAL_F","DF6","CAN","1983","USD","6","2010",8903.173,
"TIM","TOTAL_F","DF6","CAN","1984","USD","6","2010",9674.164,
"TIM","TOTAL_F","DF6","CAN","1985","USD","6","2010",10414.398,
"TIM","TOTAL_F","DF6","CAN","1986","USD","6","2010",10922.957,
"TIM","TOTAL_F","DF6","CAN","1987","USD","6","2010",10992.598,
"TIM","TOTAL_F","DF6","CAN","1988","USD","6","2010",11334.284,"a"
"TIM","TOTAL_F","DF6","CAN","1989","USD","6","2010",12153.181,
"TIM","TOTAL_F","DF6","CAN","1990","USD","6","2010",12665.649,
"TIM","TOTAL_F","DF6","CAN","1991","USD","6","2010",12896.193,
"TIM","TOTAL_F","DF6","CAN","1992","USD","6","2010",13375.497,
"TIM","TOTAL_F","DF6","CAN","1993","USD","6","2010",14188.658,
"TIM","TOTAL_F","DF6","CAN","1994","USD","6","2010",15312.047,
"TIM","TOTAL_F","DF6","CAN","1995","USD","6","2010",15435.941,
"TIM","TOTAL_F","DF6","CAN","1996","USD","6","2010",15239.659,
"TIM","TOTAL_F","DF6","CAN","1997","USD","6","2010",15961.978,
"TIM","TOTAL_F","DF6","CAN","1998","USD","6","2010",17577.241,
"TIM","TOTAL_F","DF6","CAN","1999","USD","6","2010",18909.611,
"TIM","TOTAL_F","DF6","CAN","2000","USD","6","2010",21122.258,
"TIM","TOTAL_F","DF6","CAN","2001","USD","6","2010",23382.508,
"TIM","TOTAL_F","DF6","CAN","2002","USD","6","2010",23497.493,
"TIM","TOTAL_F","DF6","CAN","2003","USD","6","2010",23873.303,
"TIM","TOTAL_F","DF6","CAN","2004","USD","6","2010",24976.191,
"TIM","TOTAL_F","DF6","CAN","2005","USD","6","2010",25433.99,
"TIM","TOTAL_F","DF6","CAN","2006","USD","6","2010",25720.248,
"TIM","TOTAL_F","DF6","CAN","2007","USD","6","2010",25709.918,
"TIM","TOTAL_F","DF6","CAN","2008","USD","6","2010",25311.714,
"TIM","TOTAL_F","DF6","CAN","2009","USD","6","2010",25382.062,
"TIM","TOTAL_F","DF6","CAN","2010","USD","6","2010",25021.817,
"TIM","TOTAL_F","DF6","CAN","2011","USD","6","2010",25250.567,
"TIM","TOTAL_F","DF6","CAN","2012","USD","6","2010",25630.004,"a"
"TIM","TOTAL_F","DF6","CAN","2013","USD","6","2010",24663.105,
"TIM","TOTAL_F","DF6","CAN","2014","USD","6","2010",24092.804,"p"
"TIM","TOTAL_F","DF6","CZE","1991","USD","6","2010",3112.559,"d; t"
"TIM","TOTAL_F","DF6","CZE","1992","USD","6","2010",2640.564,"d; t"
"TIM","TOTAL_F","DF6","CZE","1993","USD","6","2010",1854.182,"d; t"
"TIM","TOTAL_F","DF6","CZE","1994","USD","6","2010",1739.301,"d; t"
"TIM","TOTAL_F","DF6","CZE","1995","USD","6","2010",1716.854,"a"
"TIM","TOTAL_F","DF6","CZE","1996","USD","6","2010",1815.411,
"TIM","TOTAL_F","DF6","CZE","1997","USD","6","2010",2003.864,
"TIM","TOTAL_F","DF6","CZE","1998","USD","6","2010",2137.798,
"TIM","TOTAL_F","DF6","CZE","1999","USD","6","2010",2147.738,
"TIM","TOTAL_F","DF6","CZE","2000","USD","6","2010",2365.924,
"TIM","TOTAL_F","DF6","CZE","2001","USD","6","2010",2414.954,
"TIM","TOTAL_F","DF6","CZE","2002","USD","6","2010",2452.839,
"TIM","TOTAL_F","DF6","CZE","2003","USD","6","2010",2647.625,
"TIM","TOTAL_F","DF6","CZE","2004","USD","6","2010",2769.434,
"TIM","TOTAL_F","DF6","CZE","2005","USD","6","2010",3008.124,
"TIM","TOTAL_F","DF6","CZE","2006","USD","6","2010",3387.637,
"TIM","TOTAL_F","DF6","CZE","2007","USD","6","2010",3781.765,
"TIM","TOTAL_F","DF6","CZE","2008","USD","6","2010",3696.602,
"TIM","TOTAL_F","DF6","CZE","2009","USD","6","2010",3673.907,
"TIM","TOTAL_F","DF6","CZE","2010","USD","6","2010",3881.782,
"TIM","TOTAL_F","DF6","CZE","2011","USD","6","2010",4597.462,
"TIM","TOTAL_F","DF6","CZE","2012","USD","6","2010",5225.003,
"TIM","TOTAL_F","DF6","CZE","2013","USD","6","2010",5542.288,
"TIM","TOTAL_F","DF6","CZE","2014","USD","6","2010",5911.871,
"TIM","TOTAL_F","DF6","CZE","2015","USD","6","2010",6098.015,"p"
"TIM","TOTAL_F","DF6","DNK","1981","USD","6","2010",1393.031,
"TIM","TOTAL_F","DF6","DNK","1982","USD","6","2010",1498.01,
"TIM","TOTAL_F","DF6","DNK","1983","USD","6","2010",1606.995,
"TIM","TOTAL_F","DF6","DNK","1984","USD","6","2010",1715.366,
"TIM","TOTAL_F","DF6","DNK","1985","USD","6","2010",1834.644,
"TIM","TOTAL_F","DF6","DNK","1986","USD","6","2010",2054.446,
"TIM","TOTAL_F","DF6","DNK","1987","USD","6","2010",2210.436,
"TIM","TOTAL_F","DF6","DNK","1988","USD","6","2010",2336.358,
"TIM","TOTAL_F","DF6","DNK","1989","USD","6","2010",2425.518,
"TIM","TOTAL_F","DF6","DNK","1990","USD","6","2010",2583.46,
"TIM","TOTAL_F","DF6","DNK","1991","USD","6","2010",2730.311,
"TIM","TOTAL_F","DF6","DNK","1992","USD","6","2010",2837.653,
"TIM","TOTAL_F","DF6","DNK","1993","USD","6","2010",2972.422,
"TIM","TOTAL_F","DF6","DNK","1995","USD","6","2010",3413.885,
"TIM","TOTAL_F","DF6","DNK","1996","USD","6","2010",3547.525,"c"
"TIM","TOTAL_F","DF6","DNK","1997","USD","6","2010",3830.426,
"TIM","TOTAL_F","DF6","DNK","1998","USD","6","2010",4157.977,"c"
"TIM","TOTAL_F","DF6","DNK","1999","USD","6","2010",4539.697,
"TIM","TOTAL_F","DF6","DNK","2001","USD","6","2010",5188.29,
"TIM","TOTAL_F","DF6","DNK","2002","USD","6","2010",5474.338,
"TIM","TOTAL_F","DF6","DNK","2003","USD","6","2010",5651.91,
"TIM","TOTAL_F","DF6","DNK","2004","USD","6","2010",5590.831,
"TIM","TOTAL_F","DF6","DNK","2005","USD","6","2010",5660.475,
"TIM","TOTAL_F","DF6","DNK","2006","USD","6","2010",5905.634,
"TIM","TOTAL_F","DF6","DNK","2007","USD","6","2010",6238.103,"a"
"TIM","TOTAL_F","DF6","DNK","2008","USD","6","2010",6842.823,
"TIM","TOTAL_F","DF6","DNK","2009","USD","6","2010",7167.964,
"TIM","TOTAL_F","DF6","DNK","2010","USD","6","2010",6972.063,
"TIM","TOTAL_F","DF6","DNK","2011","USD","6","2010",7132.076,
"TIM","TOTAL_F","DF6","DNK","2012","USD","6","2010",7237.068,
"TIM","TOTAL_F","DF6","DNK","2013","USD","6","2010",7278.236,
"TIM","TOTAL_F","DF6","DNK","2014","USD","6","2010",7274.002,
"TIM","TOTAL_F","DF6","DNK","2015","USD","6","2010",7489.008,"p"
"TIM","TOTAL_F","DF6","FIN","1981","USD","6","2010",1195.555,"a"
"TIM","TOTAL_F","DF6","FIN","1983","USD","6","2010",1443.301,
"TIM","TOTAL_F","DF6","FIN","1984","USD","6","2010",1637.965,
"TIM","TOTAL_F","DF6","FIN","1985","USD","6","2010",1795.54,"c"
"TIM","TOTAL_F","DF6","FIN","1986","USD","6","2010",1946.169,
"TIM","TOTAL_F","DF6","FIN","1987","USD","6","2010",2126.522,
"TIM","TOTAL_F","DF6","FIN","1988","USD","6","2010",2278.096,"c"
"TIM","TOTAL_F","DF6","FIN","1989","USD","6","2010",2436.129,
"TIM","TOTAL_F","DF6","FIN","1990","USD","6","2010",2553.677,"c"
"TIM","TOTAL_F","DF6","FIN","1991","USD","6","2010",2598.273,"a"
"TIM","TOTAL_F","DF6","FIN","1992","USD","6","2010",2629.277,"c"
"TIM","TOTAL_F","DF6","FIN","1993","USD","6","2010",2654.57,
"TIM","TOTAL_F","DF6","FIN","1994","USD","6","2010",2915.093,
"TIM","TOTAL_F","DF6","FIN","1995","USD","6","2010",3026.219,
"TIM","TOTAL_F","DF6","FIN","1996","USD","6","2010",3491.167,"c"
"TIM","TOTAL_F","DF6","FIN","1997","USD","6","2010",3966.641,
"TIM","TOTAL_F","DF6","FIN","1998","USD","6","2010",4442.374,
"TIM","TOTAL_F","DF6","FIN","1999","USD","6","2010",5088.49,
"TIM","TOTAL_F","DF6","FIN","2000","USD","6","2010",5708.813,
"TIM","TOTAL_F","DF6","FIN","2001","USD","6","2010",5770.007,
"TIM","TOTAL_F","DF6","FIN","2002","USD","6","2010",5976.034,
"TIM","TOTAL_F","DF6","FIN","2003","USD","6","2010",6178.91,
"TIM","TOTAL_F","DF6","FIN","2004","USD","6","2010",6446.391,
"TIM","TOTAL_F","DF6","FIN","2005","USD","6","2010",6655.229,
"TIM","TOTAL_F","DF6","FIN","2006","USD","6","2010",6941.445,
"TIM","TOTAL_F","DF6","FIN","2007","USD","6","2010",7319.177,
"TIM","TOTAL_F","DF6","FIN","2008","USD","6","2010",7815.491,
"TIM","TOTAL_F","DF6","FIN","2009","USD","6","2010",7576.99,
"TIM","TOTAL_F","DF6","FIN","2010","USD","6","2010",7756.142,
"TIM","TOTAL_F","DF6","FIN","2011","USD","6","2010",7769.429,
"TIM","TOTAL_F","DF6","FIN","2012","USD","6","2010",7197.001,
"TIM","TOTAL_F","DF6","FIN","2013","USD","6","2010",6866.111,
"TIM","TOTAL_F","DF6","FIN","2014","USD","6","2010",6576.511,
"TIM","TOTAL_F","DF6","FIN","2015","USD","6","2010",6032.654,
"TIM","TOTAL_F","DF6","FRA","1981","USD","6","2010",24846.64,"a"
"TIM","TOTAL_F","DF6","FRA","1982","USD","6","2010",26552.571,
"TIM","TOTAL_F","DF6","FRA","1983","USD","6","2010",27397.355,
"TIM","TOTAL_F","DF6","FRA","1984","USD","6","2010",29070.637,
"TIM","TOTAL_F","DF6","FRA","1985","USD","6","2010",30351.99,
"TIM","TOTAL_F","DF6","FRA","1986","USD","6","2010",30890.021,
"TIM","TOTAL_F","DF6","FRA","1987","USD","6","2010",32296,
"TIM","TOTAL_F","DF6","FRA","1988","USD","6","2010",33680.649,
"TIM","TOTAL_F","DF6","FRA","1989","USD","6","2010",35830.447,
"TIM","TOTAL_F","DF6","FRA","1990","USD","6","2010",38207.027,
"TIM","TOTAL_F","DF6","FRA","1991","USD","6","2010",38655.368,
"TIM","TOTAL_F","DF6","FRA","1992","USD","6","2010",39361.722,
"TIM","TOTAL_F","DF6","FRA","1993","USD","6","2010",39719.918,
"TIM","TOTAL_F","DF6","FRA","1994","USD","6","2010",39768.662,
"TIM","TOTAL_F","DF6","FRA","1995","USD","6","2010",40108.284,
"TIM","TOTAL_F","DF6","FRA","1996","USD","6","2010",40339.602,
"TIM","TOTAL_F","DF6","FRA","1997","USD","6","2010",39872.609,"a"
"TIM","TOTAL_F","DF6","FRA","1998","USD","6","2010",40297.92,
"TIM","TOTAL_F","DF6","FRA","1999","USD","6","2010",41926.827,
"TIM","TOTAL_F","DF6","FRA","2000","USD","6","2010",43282.428,"a"
"TIM","TOTAL_F","DF6","FRA","2001","USD","6","2010",45084.437,
"TIM","TOTAL_F","DF6","FRA","2002","USD","6","2010",46371.943,
"TIM","TOTAL_F","DF6","FRA","2003","USD","6","2010",45574.294,
"TIM","TOTAL_F","DF6","FRA","2004","USD","6","2010",46293.675,"a"
"TIM","TOTAL_F","DF6","FRA","2005","USD","6","2010",46093.639,
"TIM","TOTAL_F","DF6","FRA","2006","USD","6","2010",47206.838,
"TIM","TOTAL_F","DF6","FRA","2007","USD","6","2010",47725.119,
"TIM","TOTAL_F","DF6","FRA","2008","USD","6","2010",48707.384,
"TIM","TOTAL_F","DF6","FRA","2009","USD","6","2010",50756.011,
"TIM","TOTAL_F","DF6","FRA","2010","USD","6","2010",50956.905,"a"
"TIM","TOTAL_F","DF6","FRA","2011","USD","6","2010",52388.219,
"TIM","TOTAL_F","DF6","FRA","2012","USD","6","2010",53404.546,
"TIM","TOTAL_F","DF6","FRA","2013","USD","6","2010",53953.31,
"TIM","TOTAL_F","DF6","FRA","2014","USD","6","2010",54300.713,
"TIM","TOTAL_F","DF6","FRA","2015","USD","6","2010",54772.311,"p"
"TIM","TOTAL_F","DF6","DEU","1981","USD","6","2010",40622.167,
"TIM","TOTAL_F","DF6","DEU","1982","USD","6","2010",41642.88,"c"
"TIM","TOTAL_F","DF6","DEU","1983","USD","6","2010",42431.36,
"TIM","TOTAL_F","DF6","DEU","1984","USD","6","2010",43639.367,"c"
"TIM","TOTAL_F","DF6","DEU","1985","USD","6","2010",47874.457,
"TIM","TOTAL_F","DF6","DEU","1986","USD","6","2010",49478.061,"c"
"TIM","TOTAL_F","DF6","DEU","1987","USD","6","2010",52308.134,
"TIM","TOTAL_F","DF6","DEU","1988","USD","6","2010",53987.376,"c"
"TIM","TOTAL_F","DF6","DEU","1989","USD","6","2010",55759.99,
"TIM","TOTAL_F","DF6","DEU","1990","USD","6","2010",56365.789,"c"
"TIM","TOTAL_F","DF6","DEU","1991","USD","6","2010",60776.343,"a"
"TIM","TOTAL_F","DF6","DEU","1992","USD","6","2010",59007.068,"c"
"TIM","TOTAL_F","DF6","DEU","1993","USD","6","2010",56569.395,"o"
"TIM","TOTAL_F","DF6","DEU","1994","USD","6","2010",55769.088,"c; o"
"TIM","TOTAL_F","DF6","DEU","1995","USD","6","2010",56879.633,"c"
"TIM","TOTAL_F","DF6","DEU","1996","USD","6","2010",57517.501,"c"
"TIM","TOTAL_F","DF6","DEU","1997","USD","6","2010",59722.549,"o"
"TIM","TOTAL_F","DF6","DEU","1998","USD","6","2010",61841.387,"c; o"
"TIM","TOTAL_F","DF6","DEU","1999","USD","6","2010",66534.84,
"TIM","TOTAL_F","DF6","DEU","2000","USD","6","2010",70203.194,
"TIM","TOTAL_F","DF6","DEU","2001","USD","6","2010",71211.893,
"TIM","TOTAL_F","DF6","DEU","2002","USD","6","2010",72102.897,
"TIM","TOTAL_F","DF6","DEU","2003","USD","6","2010",72811.433,
"TIM","TOTAL_F","DF6","DEU","2004","USD","6","2010",72589.436,
"TIM","TOTAL_F","DF6","DEU","2005","USD","6","2010",73155.055,
"TIM","TOTAL_F","DF6","DEU","2006","USD","6","2010",76911.158,
"TIM","TOTAL_F","DF6","DEU","2007","USD","6","2010",79105.098,
"TIM","TOTAL_F","DF6","DEU","2008","USD","6","2010",84890.007,
"TIM","TOTAL_F","DF6","DEU","2009","USD","6","2010",84109.608,
"TIM","TOTAL_F","DF6","DEU","2010","USD","6","2010",87130.987,
"TIM","TOTAL_F","DF6","DEU","2011","USD","6","2010",93047.827,
"TIM","TOTAL_F","DF6","DEU","2012","USD","6","2010",95930.606,
"TIM","TOTAL_F","DF6","DEU","2013","USD","6","2010",94817.832,
"TIM","TOTAL_F","DF6","DEU","2014","USD","6","2010",98629.704,
"TIM","TOTAL_F","DF6","DEU","2015","USD","6","2010",99855.806,"p; c"
"TIM","TOTAL_F","DF6","GRC","1981","USD","6","2010",281.169,"a"
"TIM","TOTAL_F","DF6","GRC","1986","USD","6","2010",454.618,
"TIM","TOTAL_F","DF6","GRC","1988","USD","6","2010",508.816,
"TIM","TOTAL_F","DF6","GRC","1989","USD","6","2010",660.356,"a"
"TIM","TOTAL_F","DF6","GRC","1991","USD","6","2010",662.926,
"TIM","TOTAL_F","DF6","GRC","1993","USD","6","2010",852.014,
"TIM","TOTAL_F","DF6","GRC","1995","USD","6","2010",919.896,"a"
"TIM","TOTAL_F","DF6","GRC","1997","USD","6","2010",1016.08,
"TIM","TOTAL_F","DF6","GRC","1999","USD","6","2010",1440.899,
"TIM","TOTAL_F","DF6","GRC","2001","USD","6","2010",1535.242,
"TIM","TOTAL_F","DF6","GRC","2003","USD","6","2010",1648.857,
"TIM","TOTAL_F","DF6","GRC","2004","USD","6","2010",1671.345,"c"
"TIM","TOTAL_F","DF6","GRC","2005","USD","6","2010",1846.059,
"TIM","TOTAL_F","DF6","GRC","2006","USD","6","2010",1890.528,"c"
"TIM","TOTAL_F","DF6","GRC","2007","USD","6","2010",2005.885,"c"
"TIM","TOTAL_F","DF6","GRC","2008","USD","6","2010",2294.875,"a; c"
"TIM","TOTAL_F","DF6","GRC","2009","USD","6","2010",2075.845,"c"
"TIM","TOTAL_F","DF6","GRC","2010","USD","6","2010",1876.829,"c"
"TIM","TOTAL_F","DF6","GRC","2011","USD","6","2010",1915.153,
"TIM","TOTAL_F","DF6","GRC","2012","USD","6","2010",1848.27,
"TIM","TOTAL_F","DF6","GRC","2013","USD","6","2010",2074.022,
"TIM","TOTAL_F","DF6","GRC","2014","USD","6","2010",2146.341,
"TIM","TOTAL_F","DF6","GRC","2015","USD","6","2010",2453.241,"p"
"TIM","TOTAL_F","DF6","HUN","1991","USD","6","2010",1555.322,"o; d; t"
"TIM","TOTAL_F","DF6","HUN","1992","USD","6","2010",1483.849,"o; d; t"
"TIM","TOTAL_F","DF6","HUN","1993","USD","6","2010",1369.515,"o; d; t"
"TIM","TOTAL_F","DF6","HUN","1994","USD","6","2010",1283.779,"a; d"
"TIM","TOTAL_F","DF6","HUN","1995","USD","6","2010",1074.226,"d"
"TIM","TOTAL_F","DF6","HUN","1996","USD","6","2010",958.792,"d"
"TIM","TOTAL_F","DF6","HUN","1997","USD","6","2010",1098.35,"d"
"TIM","TOTAL_F","DF6","HUN","1998","USD","6","2010",1074.451,"d"
"TIM","TOTAL_F","DF6","HUN","1999","USD","6","2010",1132.702,"d"
"TIM","TOTAL_F","DF6","HUN","2000","USD","6","2010",1389.831,"d"
"TIM","TOTAL_F","DF6","HUN","2001","USD","6","2010",1666.34,"d"
"TIM","TOTAL_F","DF6","HUN","2002","USD","6","2010",1875.193,"d"
"TIM","TOTAL_F","DF6","HUN","2003","USD","6","2010",1822.603,"d"
"TIM","TOTAL_F","DF6","HUN","2004","USD","6","2010",1793.492,"a"
"TIM","TOTAL_F","DF6","HUN","2005","USD","6","2010",2004.707,
"TIM","TOTAL_F","DF6","HUN","2006","USD","6","2010",2218.45,
"TIM","TOTAL_F","DF6","HUN","2007","USD","6","2010",2174.19,
"TIM","TOTAL_F","DF6","HUN","2008","USD","6","2010",2245.503,
"TIM","TOTAL_F","DF6","HUN","2009","USD","6","2010",2425.614,
"TIM","TOTAL_F","DF6","HUN","2010","USD","6","2010",2458.538,
"TIM","TOTAL_F","DF6","HUN","2011","USD","6","2010",2609.512,
"TIM","TOTAL_F","DF6","HUN","2012","USD","6","2010",2726.946,
"TIM","TOTAL_F","DF6","HUN","2013","USD","6","2010",3060.045,
"TIM","TOTAL_F","DF6","HUN","2014","USD","6","2010",3108.486,
"TIM","TOTAL_F","DF6","HUN","2015","USD","6","2010",3244.657,
"TIM","TOTAL_F","DF6","ISL","1981","USD","6","2010",36.789,
"TIM","TOTAL_F","DF6","ISL","1983","USD","6","2010",38.936,
"TIM","TOTAL_F","DF6","ISL","1984","USD","6","2010",42.998,
"TIM","TOTAL_F","DF6","ISL","1985","USD","6","2010",45.028,
"TIM","TOTAL_F","DF6","ISL","1986","USD","6","2010",46.857,
"TIM","TOTAL_F","DF6","ISL","1987","USD","6","2010",53.636,
"TIM","TOTAL_F","DF6","ISL","1989","USD","6","2010",70.078,
"TIM","TOTAL_F","DF6","ISL","1990","USD","6","2010",69.797,
"TIM","TOTAL_F","DF6","ISL","1991","USD","6","2010",82.34,
"TIM","TOTAL_F","DF6","ISL","1992","USD","6","2010",91.489,
"TIM","TOTAL_F","DF6","ISL","1993","USD","6","2010",93.027,
"TIM","TOTAL_F","DF6","ISL","1994","USD","6","2010",99.733,
"TIM","TOTAL_F","DF6","ISL","1995","USD","6","2010",111.41,
"TIM","TOTAL_F","DF6","ISL","1997","USD","6","2010",146.537,
"TIM","TOTAL_F","DF6","ISL","1998","USD","6","2010",170.743,"c"
"TIM","TOTAL_F","DF6","ISL","1999","USD","6","2010",203.739,
"TIM","TOTAL_F","DF6","ISL","2000","USD","6","2010",246.213,"c"
"TIM","TOTAL_F","DF6","ISL","2001","USD","6","2010",282.839,
"TIM","TOTAL_F","DF6","ISL","2002","USD","6","2010",282.423,"c"
"TIM","TOTAL_F","DF6","ISL","2003","USD","6","2010",276.948,
"TIM","TOTAL_F","DF6","ISL","2005","USD","6","2010",315.97,
"TIM","TOTAL_F","DF6","ISL","2006","USD","6","2010",358.458,
"TIM","TOTAL_F","DF6","ISL","2007","USD","6","2010",345.333,
"TIM","TOTAL_F","DF6","ISL","2008","USD","6","2010",343.684,
"TIM","TOTAL_F","DF6","ISL","2009","USD","6","2010",335.806,
"TIM","TOTAL_F","DF6","ISL","2011","USD","6","2010",310.633,"l; a"
"TIM","TOTAL_F","DF6","ISL","2013","USD","6","2010",232.127,"a"
"TIM","TOTAL_F","DF6","ISL","2014","USD","6","2010",270.246,
"TIM","TOTAL_F","DF6","ISL","2015","USD","6","2010",306.354,
"TIM","TOTAL_F","DF6","IRL","1981","USD","6","2010",345.218,
"TIM","TOTAL_F","DF6","IRL","1982","USD","6","2010",350.966,
"TIM","TOTAL_F","DF6","IRL","1983","USD","6","2010",337.985,
"TIM","TOTAL_F","DF6","IRL","1984","USD","6","2010",383.849,
"TIM","TOTAL_F","DF6","IRL","1985","USD","6","2010",428.842,
"TIM","TOTAL_F","DF6","IRL","1986","USD","6","2010",463.205,
"TIM","TOTAL_F","DF6","IRL","1987","USD","6","2010",482.609,
"TIM","TOTAL_F","DF6","IRL","1988","USD","6","2010",488.572,
"TIM","TOTAL_F","DF6","IRL","1989","USD","6","2010",519.22,"c"
"TIM","TOTAL_F","DF6","IRL","1990","USD","6","2010",582.958,"c"
"TIM","TOTAL_F","DF6","IRL","1991","USD","6","2010",670.172,"c"
"TIM","TOTAL_F","DF6","IRL","1992","USD","6","2010",769.282,"c"
"TIM","TOTAL_F","DF6","IRL","1993","USD","6","2010",894.139,"c"
"TIM","TOTAL_F","DF6","IRL","1994","USD","6","2010",1023.275,"c"
"TIM","TOTAL_F","DF6","IRL","1995","USD","6","2010",1129.49,"c"
"TIM","TOTAL_F","DF6","IRL","1996","USD","6","2010",1278.641,"c"
"TIM","TOTAL_F","DF6","IRL","1997","USD","6","2010",1385.956,"c"
"TIM","TOTAL_F","DF6","IRL","1998","USD","6","2010",1458.827,"c"
"TIM","TOTAL_F","DF6","IRL","1999","USD","6","2010",1541.256,"c"
"TIM","TOTAL_F","DF6","IRL","2000","USD","6","2010",1594.977,"c"
"TIM","TOTAL_F","DF6","IRL","2001","USD","6","2010",1642.028,
"TIM","TOTAL_F","DF6","IRL","2002","USD","6","2010",1738.38,
"TIM","TOTAL_F","DF6","IRL","2003","USD","6","2010",1918.94,
"TIM","TOTAL_F","DF6","IRL","2004","USD","6","2010",2146.597,
"TIM","TOTAL_F","DF6","IRL","2005","USD","6","2010",2297.24,
"TIM","TOTAL_F","DF6","IRL","2006","USD","6","2010",2442.862,
"TIM","TOTAL_F","DF6","IRL","2007","USD","6","2010",2609.164,
"TIM","TOTAL_F","DF6","IRL","2008","USD","6","2010",2809.971,
"TIM","TOTAL_F","DF6","IRL","2009","USD","6","2010",3113.785,"c"
"TIM","TOTAL_F","DF6","IRL","2010","USD","6","2010",3148.256,"c"
"TIM","TOTAL_F","DF6","IRL","2011","USD","6","2010",3034.759,"c"
"TIM","TOTAL_F","DF6","IRL","2012","USD","6","2010",3030.862,"c"
"TIM","TOTAL_F","DF6","IRL","2013","USD","6","2010",3075.012,"c"
"TIM","TOTAL_F","DF6","IRL","2014","USD","6","2010",3231.367,"c"
"TIM","TOTAL_F","DF6","ITA","1981","USD","6","2010",11313.67,"w"
"TIM","TOTAL_F","DF6","ITA","1982","USD","6","2010",11667.317,"w"
"TIM","TOTAL_F","DF6","ITA","1983","USD","6","2010",12428.711,"w"
"TIM","TOTAL_F","DF6","ITA","1984","USD","6","2010",13633.912,"w"
"TIM","TOTAL_F","DF6","ITA","1985","USD","6","2010",15574.761,"w"
"TIM","TOTAL_F","DF6","ITA","1986","USD","6","2010",16165.473,"w"
"TIM","TOTAL_F","DF6","ITA","1987","USD","6","2010",17504.338,"w"
"TIM","TOTAL_F","DF6","ITA","1988","USD","6","2010",18637.368,"w"
"TIM","TOTAL_F","DF6","ITA","1989","USD","6","2010",19557.441,"w"
"TIM","TOTAL_F","DF6","ITA","1990","USD","6","2010",20626.562,"w"
"TIM","TOTAL_F","DF6","ITA","1991","USD","6","2010",19912.847,"a"
"TIM","TOTAL_F","DF6","ITA","1992","USD","6","2010",19404.343,
"TIM","TOTAL_F","DF6","ITA","1993","USD","6","2010",18319.954,
"TIM","TOTAL_F","DF6","ITA","1994","USD","6","2010",17467.779,
"TIM","TOTAL_F","DF6","ITA","1995","USD","6","2010",17102.631,
"TIM","TOTAL_F","DF6","ITA","1996","USD","6","2010",17540.341,
"TIM","TOTAL_F","DF6","ITA","1997","USD","6","2010",18644.121,"a"
"TIM","TOTAL_F","DF6","ITA","1998","USD","6","2010",19287.876,
"TIM","TOTAL_F","DF6","ITA","1999","USD","6","2010",19113.116,
"TIM","TOTAL_F","DF6","ITA","2000","USD","6","2010",20267.514,
"TIM","TOTAL_F","DF6","ITA","2001","USD","6","2010",21435.99,
"TIM","TOTAL_F","DF6","ITA","2002","USD","6","2010",22310.183,
"TIM","TOTAL_F","DF6","ITA","2003","USD","6","2010",21873.343,
"TIM","TOTAL_F","DF6","ITA","2004","USD","6","2010",22034.08,
"TIM","TOTAL_F","DF6","ITA","2005","USD","6","2010",22116.012,
"TIM","TOTAL_F","DF6","ITA","2006","USD","6","2010",23418.765,
"TIM","TOTAL_F","DF6","ITA","2007","USD","6","2010",24763.936,
"TIM","TOTAL_F","DF6","ITA","2008","USD","6","2010",25173.7,
"TIM","TOTAL_F","DF6","ITA","2009","USD","6","2010",24971.364,
"TIM","TOTAL_F","DF6","ITA","2010","USD","6","2010",25430.788,
"TIM","TOTAL_F","DF6","ITA","2011","USD","6","2010",25299.925,
"TIM","TOTAL_F","DF6","ITA","2012","USD","6","2010",25827.09,
"TIM","TOTAL_F","DF6","ITA","2013","USD","6","2010",26115.995,
"TIM","TOTAL_F","DF6","ITA","2014","USD","6","2010",27498.93,"c"
"TIM","TOTAL_F","DF6","ITA","2015","USD","6","2010",26838.83,"p"
"TIM","TOTAL_F","DF6","JPN","1981","USD","6","2010",53527.065,"l"
"TIM","TOTAL_F","DF6","JPN","1982","USD","6","2010",57519.664,"l"
"TIM","TOTAL_F","DF6","JPN","1983","USD","6","2010",62691.51,"l"
"TIM","TOTAL_F","DF6","JPN","1984","USD","6","2010",67736.629,"l"
"TIM","TOTAL_F","DF6","JPN","1985","USD","6","2010",75527.084,"l"
"TIM","TOTAL_F","DF6","JPN","1986","USD","6","2010",76734.711,"l"
"TIM","TOTAL_F","DF6","JPN","1987","USD","6","2010",82195.358,"l"
"TIM","TOTAL_F","DF6","JPN","1988","USD","6","2010",88510.245,"l"
"TIM","TOTAL_F","DF6","JPN","1989","USD","6","2010",96260.27,"l"
"TIM","TOTAL_F","DF6","JPN","1990","USD","6","2010",104189.059,"l"
"TIM","TOTAL_F","DF6","JPN","1991","USD","6","2010",106925.353,"l"
"TIM","TOTAL_F","DF6","JPN","1992","USD","6","2010",106308.217,"l"
"TIM","TOTAL_F","DF6","JPN","1993","USD","6","2010",104320.638,"l"
"TIM","TOTAL_F","DF6","JPN","1994","USD","6","2010",103341.043,"l"
"TIM","TOTAL_F","DF6","JPN","1995","USD","6","2010",110314.607,"l"
"TIM","TOTAL_F","DF6","JPN","1996","USD","6","2010",108983.111,"a"
"TIM","TOTAL_F","DF6","JPN","1997","USD","6","2010",113228.927,
"TIM","TOTAL_F","DF6","JPN","1998","USD","6","2010",116163.657,
"TIM","TOTAL_F","DF6","JPN","1999","USD","6","2010",116603.204,
"TIM","TOTAL_F","DF6","JPN","2000","USD","6","2010",120210.926,
"TIM","TOTAL_F","DF6","JPN","2001","USD","6","2010",123563.596,
"TIM","TOTAL_F","DF6","JPN","2002","USD","6","2010",125579.513,
"TIM","TOTAL_F","DF6","JPN","2003","USD","6","2010",128854.067,
"TIM","TOTAL_F","DF6","JPN","2004","USD","6","2010",131448.029,
"TIM","TOTAL_F","DF6","JPN","2005","USD","6","2010",140618.908,
"TIM","TOTAL_F","DF6","JPN","2006","USD","6","2010",147338.587,
"TIM","TOTAL_F","DF6","JPN","2007","USD","6","2010",152879.561,
"TIM","TOTAL_F","DF6","JPN","2008","USD","6","2010",151533.455,"a"
"TIM","TOTAL_F","DF6","JPN","2009","USD","6","2010",138627.849,
"TIM","TOTAL_F","DF6","JPN","2010","USD","6","2010",140603.069,
"TIM","TOTAL_F","DF6","JPN","2011","USD","6","2010",145526.999,
"TIM","TOTAL_F","DF6","JPN","2012","USD","6","2010",146327.086,
"TIM","TOTAL_F","DF6","JPN","2013","USD","6","2010",154529.628,"a"
"TIM","TOTAL_F","DF6","JPN","2014","USD","6","2010",159213.386,
"TIM","TOTAL_F","DF6","JPN","2015","USD","6","2010",155813.026,
"TIM","TOTAL_F","DF6","KOR","1991","USD","6","2010",9587.843,"g"
"TIM","TOTAL_F","DF6","KOR","1992","USD","6","2010",10676.227,"g"
"TIM","TOTAL_F","DF6","KOR","1993","USD","6","2010",12398.567,"g"
"TIM","TOTAL_F","DF6","KOR","1994","USD","6","2010",14716.026,"g"
"TIM","TOTAL_F","DF6","KOR","1995","USD","6","2010",16455.392,"g"
"TIM","TOTAL_F","DF6","KOR","1996","USD","6","2010",18186.989,"g"
"TIM","TOTAL_F","DF6","KOR","1997","USD","6","2010",19577.759,"g"
"TIM","TOTAL_F","DF6","KOR","1998","USD","6","2010",17409.653,"g"
"TIM","TOTAL_F","DF6","KOR","1999","USD","6","2010",18527.711,"g"
"TIM","TOTAL_F","DF6","KOR","2000","USD","6","2010",21290.694,"g"
"TIM","TOTAL_F","DF6","KOR","2001","USD","6","2010",23896.018,"g"
"TIM","TOTAL_F","DF6","KOR","2002","USD","6","2010",24934.405,"g"
"TIM","TOTAL_F","DF6","KOR","2003","USD","6","2010",26542.669,"g"
"TIM","TOTAL_F","DF6","KOR","2004","USD","6","2010",29986.094,"g"
"TIM","TOTAL_F","DF6","KOR","2005","USD","6","2010",32315.517,"g"
"TIM","TOTAL_F","DF6","KOR","2006","USD","6","2010",36634.771,"g"
"TIM","TOTAL_F","DF6","KOR","2007","USD","6","2010",40952.424,"a"
"TIM","TOTAL_F","DF6","KOR","2008","USD","6","2010",43838.562,
"TIM","TOTAL_F","DF6","KOR","2009","USD","6","2010",46548.919,
"TIM","TOTAL_F","DF6","KOR","2010","USD","6","2010",52172.779,
"TIM","TOTAL_F","DF6","KOR","2011","USD","6","2010",58427.291,
"TIM","TOTAL_F","DF6","KOR","2012","USD","6","2010",64267.687,
"TIM","TOTAL_F","DF6","KOR","2013","USD","6","2010",68149.331,
"TIM","TOTAL_F","DF6","KOR","2014","USD","6","2010",72806.83,
"TIM","TOTAL_F","DF6","KOR","2015","USD","6","2010",73719.796,
"TIM","TOTAL_F","DF6","LUX","2000","USD","6","2010",506.431,
"TIM","TOTAL_F","DF6","LUX","2003","USD","6","2010",583.809,
"TIM","TOTAL_F","DF6","LUX","2004","USD","6","2010",599.595,
"TIM","TOTAL_F","DF6","LUX","2005","USD","6","2010",606.983,
"TIM","TOTAL_F","DF6","LUX","2006","USD","6","2010",677.881,
"TIM","TOTAL_F","DF6","LUX","2007","USD","6","2010",701.002,"c"
"TIM","TOTAL_F","DF6","LUX","2008","USD","6","2010",710.029,
"TIM","TOTAL_F","DF6","LUX","2009","USD","6","2010",699.07,
"TIM","TOTAL_F","DF6","LUX","2010","USD","6","2010",653.407,
"TIM","TOTAL_F","DF6","LUX","2011","USD","6","2010",649.806,
"TIM","TOTAL_F","DF6","LUX","2012","USD","6","2010",564.003,"a"
"TIM","TOTAL_F","DF6","LUX","2013","USD","6","2010",600.578,
"TIM","TOTAL_F","DF6","LUX","2014","USD","6","2010",615.081,
"TIM","TOTAL_F","DF6","LUX","2015","USD","6","2010",652.789,"p"
"TIM","TOTAL_F","DF6","MEX","1993","USD","6","2010",2209.661,"c"
"TIM","TOTAL_F","DF6","MEX","1994","USD","6","2010",3077.204,
"TIM","TOTAL_F","DF6","MEX","1995","USD","6","2010",3045.374,
"TIM","TOTAL_F","DF6","MEX","1996","USD","6","2010",3206.342,
"TIM","TOTAL_F","DF6","MEX","1997","USD","6","2010",3807.848,
"TIM","TOTAL_F","DF6","MEX","1998","USD","6","2010",4380.277,
"TIM","TOTAL_F","DF6","MEX","1999","USD","6","2010",5172.317,
"TIM","TOTAL_F","DF6","MEX","2000","USD","6","2010",4786.906,
"TIM","TOTAL_F","DF6","MEX","2001","USD","6","2010",5058.901,
"TIM","TOTAL_F","DF6","MEX","2002","USD","6","2010",5640.825,
"TIM","TOTAL_F","DF6","MEX","2003","USD","6","2010",5690.649,
"TIM","TOTAL_F","DF6","MEX","2004","USD","6","2010",6012.721,"a"
"TIM","TOTAL_F","DF6","MEX","2005","USD","6","2010",6353.918,
"TIM","TOTAL_F","DF6","MEX","2006","USD","6","2010",6155.475,
"TIM","TOTAL_F","DF6","MEX","2007","USD","6","2010",7322.828,"a"
"TIM","TOTAL_F","DF6","MEX","2008","USD","6","2010",8191.986,
"TIM","TOTAL_F","DF6","MEX","2009","USD","6","2010",8562.86,
"TIM","TOTAL_F","DF6","MEX","2010","USD","6","2010",9291.092,
"TIM","TOTAL_F","DF6","MEX","2011","USD","6","2010",9283.361,
"TIM","TOTAL_F","DF6","MEX","2012","USD","6","2010",9234.638,
"TIM","TOTAL_F","DF6","MEX","2013","USD","6","2010",9573.933,
"TIM","TOTAL_F","DF6","MEX","2014","USD","6","2010",10442.273,"p; c"
"TIM","TOTAL_F","DF6","MEX","2015","USD","6","2010",10987.934,"p; c"
"TIM","TOTAL_F","DF6","NLD","1981","USD","6","2010",6144.336,
"TIM","TOTAL_F","DF6","NLD","1982","USD","6","2010",6439.48,"a"
"TIM","TOTAL_F","DF6","NLD","1983","USD","6","2010",6713.114,
"TIM","TOTAL_F","DF6","NLD","1984","USD","6","2010",6692.127,
"TIM","TOTAL_F","DF6","NLD","1985","USD","6","2010",7391.768,
"TIM","TOTAL_F","DF6","NLD","1986","USD","6","2010",8038.051,
"TIM","TOTAL_F","DF6","NLD","1987","USD","6","2010",8555.171,
"TIM","TOTAL_F","DF6","NLD","1988","USD","6","2010",8589.577,
"TIM","TOTAL_F","DF6","NLD","1989","USD","6","2010",8567.057,
"TIM","TOTAL_F","DF6","NLD","1990","USD","6","2010",9121.129,"a"
"TIM","TOTAL_F","DF6","NLD","1991","USD","6","2010",8850.987,
"TIM","TOTAL_F","DF6","NLD","1992","USD","6","2010",8690.63,
"TIM","TOTAL_F","DF6","NLD","1993","USD","6","2010",8906.508,
"TIM","TOTAL_F","DF6","NLD","1994","USD","6","2010",9355.123,"a"
"TIM","TOTAL_F","DF6","NLD","1995","USD","6","2010",9717.186,
"TIM","TOTAL_F","DF6","NLD","1996","USD","6","2010",10142.375,"a"
"TIM","TOTAL_F","DF6","NLD","1997","USD","6","2010",10605.359,
"TIM","TOTAL_F","DF6","NLD","1998","USD","6","2010",10484.658,
"TIM","TOTAL_F","DF6","NLD","1999","USD","6","2010",11506.119,"a"
"TIM","TOTAL_F","DF6","NLD","2000","USD","6","2010",11749.347,
"TIM","TOTAL_F","DF6","NLD","2001","USD","6","2010",12065.821,
"TIM","TOTAL_F","DF6","NLD","2002","USD","6","2010",11767.199,
"TIM","TOTAL_F","DF6","NLD","2003","USD","6","2010",12045.159,
"TIM","TOTAL_F","DF6","NLD","2004","USD","6","2010",12301.745,
"TIM","TOTAL_F","DF6","NLD","2005","USD","6","2010",12454.54,
"TIM","TOTAL_F","DF6","NLD","2006","USD","6","2010",12645.651,
"TIM","TOTAL_F","DF6","NLD","2007","USD","6","2010",12588.165,
"TIM","TOTAL_F","DF6","NLD","2008","USD","6","2010",12473.663,
"TIM","TOTAL_F","DF6","NLD","2009","USD","6","2010",12312.811,
"TIM","TOTAL_F","DF6","NLD","2010","USD","6","2010",12777.044,
"TIM","TOTAL_F","DF6","NLD","2011","USD","6","2010",14332.487,"a"
"TIM","TOTAL_F","DF6","NLD","2012","USD","6","2010",14452.164,"a"
"TIM","TOTAL_F","DF6","NLD","2013","USD","6","2010",14523.037,
"TIM","TOTAL_F","DF6","NLD","2014","USD","6","2010",15094.956,
"TIM","TOTAL_F","DF6","NLD","2015","USD","6","2010",15493.603,"p"
"TIM","TOTAL_F","DF6","NZL","1981","USD","6","2010",653.945,"b"
"TIM","TOTAL_F","DF6","NZL","1983","USD","6","2010",620.361,"b"
"TIM","TOTAL_F","DF6","NZL","1989","USD","6","2010",639.396,
"TIM","TOTAL_F","DF6","NZL","1990","USD","6","2010",731.525,
"TIM","TOTAL_F","DF6","NZL","1991","USD","6","2010",710.949,
"TIM","TOTAL_F","DF6","NZL","1992","USD","6","2010",738.012,"a"
"TIM","TOTAL_F","DF6","NZL","1993","USD","6","2010",795.224,
"TIM","TOTAL_F","DF6","NZL","1995","USD","6","2010",829.484,
"TIM","TOTAL_F","DF6","NZL","1997","USD","6","2010",1009.308,
"TIM","TOTAL_F","DF6","NZL","1999","USD","6","2010",978.427,
"TIM","TOTAL_F","DF6","NZL","2001","USD","6","2010",1185.019,"a"
"TIM","TOTAL_F","DF6","NZL","2003","USD","6","2010",1358.73,
"TIM","TOTAL_F","DF6","NZL","2005","USD","6","2010",1413.589,
"TIM","TOTAL_F","DF6","NZL","2007","USD","6","2010",1552.858,
"TIM","TOTAL_F","DF6","NZL","2009","USD","6","2010",1687.556,
"TIM","TOTAL_F","DF6","NZL","2011","USD","6","2010",1719.473,
"TIM","TOTAL_F","DF6","NZL","2013","USD","6","2010",1683.184,
"TIM","TOTAL_F","DF6","NOR","1981","USD","6","2010",1438.79,
"TIM","TOTAL_F","DF6","NOR","1982","USD","6","2010",1524.385,"c"
"TIM","TOTAL_F","DF6","NOR","1983","USD","6","2010",1621.87,
"TIM","TOTAL_F","DF6","NOR","1984","USD","6","2010",1835.042,"a; c"
"TIM","TOTAL_F","DF6","NOR","1985","USD","6","2010",2046.73,
"TIM","TOTAL_F","DF6","NOR","1987","USD","6","2010",2209.287,
"TIM","TOTAL_F","DF6","NOR","1989","USD","6","2010",2257.165,
"TIM","TOTAL_F","DF6","NOR","1991","USD","6","2010",2325.199,
"TIM","TOTAL_F","DF6","NOR","1993","USD","6","2010",2532.718,
"TIM","TOTAL_F","DF6","NOR","1995","USD","6","2010",2716.04,"a"
"TIM","TOTAL_F","DF6","NOR","1997","USD","6","2010",2978.612,
"TIM","TOTAL_F","DF6","NOR","1999","USD","6","2010",3154.644,
"TIM","TOTAL_F","DF6","NOR","2001","USD","6","2010",3539.505,
"TIM","TOTAL_F","DF6","NOR","2002","USD","6","2010",3623.667,
"TIM","TOTAL_F","DF6","NOR","2003","USD","6","2010",3771.583,
"TIM","TOTAL_F","DF6","NOR","2004","USD","6","2010",3725.319,
"TIM","TOTAL_F","DF6","NOR","2005","USD","6","2010",3894.05,
"TIM","TOTAL_F","DF6","NOR","2006","USD","6","2010",4106.87,
"TIM","TOTAL_F","DF6","NOR","2007","USD","6","2010",4493.995,
"TIM","TOTAL_F","DF6","NOR","2008","USD","6","2010",4726.869,
"TIM","TOTAL_F","DF6","NOR","2009","USD","6","2010",4749.42,
"TIM","TOTAL_F","DF6","NOR","2010","USD","6","2010",4681.158,
"TIM","TOTAL_F","DF6","NOR","2011","USD","6","2010",4827.859,
"TIM","TOTAL_F","DF6","NOR","2012","USD","6","2010",4979.204,
"TIM","TOTAL_F","DF6","NOR","2013","USD","6","2010",5123.352,
"TIM","TOTAL_F","DF6","NOR","2014","USD","6","2010",5310.592,
"TIM","TOTAL_F","DF6","NOR","2015","USD","6","2010",5806.172,"p"
"TIM","TOTAL_F","DF6","POL","1990","USD","6","2010",3263.094,
"TIM","TOTAL_F","DF6","POL","1991","USD","6","2010",2550.483,
"TIM","TOTAL_F","DF6","POL","1992","USD","6","2010",2688.604,
"TIM","TOTAL_F","DF6","POL","1993","USD","6","2010",2787.746,
"TIM","TOTAL_F","DF6","POL","1994","USD","6","2010",2699.619,"d"
"TIM","TOTAL_F","DF6","POL","1995","USD","6","2010",2614.179,"a"
"TIM","TOTAL_F","DF6","POL","1996","USD","6","2010",2869.268,
"TIM","TOTAL_F","DF6","POL","1997","USD","6","2010",3072.529,
"TIM","TOTAL_F","DF6","POL","1998","USD","6","2010",3297.7,
"TIM","TOTAL_F","DF6","POL","1999","USD","6","2010",3560.299,
"TIM","TOTAL_F","DF6","POL","2000","USD","6","2010",3505.416,
"TIM","TOTAL_F","DF6","POL","2001","USD","6","2010",3443.133,
"TIM","TOTAL_F","DF6","POL","2002","USD","6","2010",3146.799,
"TIM","TOTAL_F","DF6","POL","2003","USD","6","2010",3147.86,
"TIM","TOTAL_F","DF6","POL","2004","USD","6","2010",3393.517,
"TIM","TOTAL_F","DF6","POL","2005","USD","6","2010",3577.551,
"TIM","TOTAL_F","DF6","POL","2006","USD","6","2010",3717.67,
"TIM","TOTAL_F","DF6","POL","2007","USD","6","2010",4059.154,
"TIM","TOTAL_F","DF6","POL","2008","USD","6","2010",4512.706,
"TIM","TOTAL_F","DF6","POL","2009","USD","6","2010",5118.258,
"TIM","TOTAL_F","DF6","POL","2010","USD","6","2010",5782.035,
"TIM","TOTAL_F","DF6","POL","2011","USD","6","2010",6284.363,
"TIM","TOTAL_F","DF6","POL","2012","USD","6","2010",7540.892,
"TIM","TOTAL_F","DF6","POL","2013","USD","6","2010",7556.242,
"TIM","TOTAL_F","DF6","POL","2014","USD","6","2010",8428.345,
"TIM","TOTAL_F","DF6","POL","2015","USD","6","2010",9358.21,
"TIM","TOTAL_F","DF6","PRT","1982","USD","6","2010",410.918,
"TIM","TOTAL_F","DF6","PRT","1983","USD","6","2010",449.925,"c"
"TIM","TOTAL_F","DF6","PRT","1984","USD","6","2010",457.245,
"TIM","TOTAL_F","DF6","PRT","1985","USD","6","2010",517.779,"c"
"TIM","TOTAL_F","DF6","PRT","1986","USD","6","2010",547.898,
"TIM","TOTAL_F","DF6","PRT","1987","USD","6","2010",623.434,"c"
"TIM","TOTAL_F","DF6","PRT","1988","USD","6","2010",673.966,
"TIM","TOTAL_F","DF6","PRT","1989","USD","6","2010",835.363,"c"
"TIM","TOTAL_F","DF6","PRT","1990","USD","6","2010",937.63,
"TIM","TOTAL_F","DF6","PRT","1991","USD","6","2010",1083.884,"c"
"TIM","TOTAL_F","DF6","PRT","1992","USD","6","2010",1180.881,
"TIM","TOTAL_F","DF6","PRT","1993","USD","6","2010",1151.256,"c"
"TIM","TOTAL_F","DF6","PRT","1994","USD","6","2010",1123.408,"c"
"TIM","TOTAL_F","DF6","PRT","1995","USD","6","2010",1137.029,
"TIM","TOTAL_F","DF6","PRT","1996","USD","6","2010",1251.538,"c"
"TIM","TOTAL_F","DF6","PRT","1997","USD","6","2010",1340.469,
"TIM","TOTAL_F","DF6","PRT","1998","USD","6","2010",1556.936,"c"
"TIM","TOTAL_F","DF6","PRT","1999","USD","6","2010",1763.313,
"TIM","TOTAL_F","DF6","PRT","2000","USD","6","2010",1938.31,"c"
"TIM","TOTAL_F","DF6","PRT","2001","USD","6","2010",2094.469,
"TIM","TOTAL_F","DF6","PRT","2002","USD","6","2010",1991.648,"c"
"TIM","TOTAL_F","DF6","PRT","2003","USD","6","2010",1907.796,
"TIM","TOTAL_F","DF6","PRT","2004","USD","6","2010",2029.015,"c"
"TIM","TOTAL_F","DF6","PRT","2005","USD","6","2010",2124.146,
"TIM","TOTAL_F","DF6","PRT","2006","USD","6","2010",2719.809,"c"
"TIM","TOTAL_F","DF6","PRT","2007","USD","6","2010",3283.236,
"TIM","TOTAL_F","DF6","PRT","2008","USD","6","2010",4228.877,"a"
"TIM","TOTAL_F","DF6","PRT","2009","USD","6","2010",4484.841,
"TIM","TOTAL_F","DF6","PRT","2010","USD","6","2010",4433.585,
"TIM","TOTAL_F","DF6","PRT","2011","USD","6","2010",4137.481,
"TIM","TOTAL_F","DF6","PRT","2012","USD","6","2010",3755.313,
"TIM","TOTAL_F","DF6","PRT","2013","USD","6","2010",3574.473,
"TIM","TOTAL_F","DF6","PRT","2014","USD","6","2010",3506.659,
"TIM","TOTAL_F","DF6","PRT","2015","USD","6","2010",3521.941,"p"
"TIM","TOTAL_F","DF6","SVK","1992","USD","6","2010",1063.628,"a; d; t"
"TIM","TOTAL_F","DF6","SVK","1993","USD","6","2010",836.422,"d; t"
"TIM","TOTAL_F","DF6","SVK","1994","USD","6","2010",582.446,"a; d"
"TIM","TOTAL_F","DF6","SVK","1995","USD","6","2010",636.784,"d"
"TIM","TOTAL_F","DF6","SVK","1996","USD","6","2010",669.885,"d"
"TIM","TOTAL_F","DF6","SVK","1997","USD","6","2010",837.769,"a"
"TIM","TOTAL_F","DF6","SVK","1998","USD","6","2010",634.075,
"TIM","TOTAL_F","DF6","SVK","1999","USD","6","2010",533.209,
"TIM","TOTAL_F","DF6","SVK","2000","USD","6","2010",534.403,
"TIM","TOTAL_F","DF6","SVK","2001","USD","6","2010",540.363,
"TIM","TOTAL_F","DF6","SVK","2002","USD","6","2010",509.047,
"TIM","TOTAL_F","DF6","SVK","2003","USD","6","2010",535.283,
"TIM","TOTAL_F","DF6","SVK","2004","USD","6","2010",502.348,
"TIM","TOTAL_F","DF6","SVK","2005","USD","6","2010",528.257,
"TIM","TOTAL_F","DF6","SVK","2006","USD","6","2010",551.597,
"TIM","TOTAL_F","DF6","SVK","2007","USD","6","2010",575.966,
"TIM","TOTAL_F","DF6","SVK","2008","USD","6","2010",627.131,
"TIM","TOTAL_F","DF6","SVK","2009","USD","6","2010",607.524,
"TIM","TOTAL_F","DF6","SVK","2010","USD","6","2010",830.815,
"TIM","TOTAL_F","DF6","SVK","2011","USD","6","2010",919.565,
"TIM","TOTAL_F","DF6","SVK","2012","USD","6","2010",1134.505,
"TIM","TOTAL_F","DF6","SVK","2013","USD","6","2010",1178.122,
"TIM","TOTAL_F","DF6","SVK","2014","USD","6","2010",1293.654,
"TIM","TOTAL_F","DF6","SVK","2015","USD","6","2010",1795.263,
"TIM","TOTAL_F","DF6","ESP","1981","USD","6","2010",2649.575,
"TIM","TOTAL_F","DF6","ESP","1982","USD","6","2010",3075.65,
"TIM","TOTAL_F","DF6","ESP","1983","USD","6","2010",3082.891,
"TIM","TOTAL_F","DF6","ESP","1984","USD","6","2010",3259.494,
"TIM","TOTAL_F","DF6","ESP","1985","USD","6","2010",3694.61,
"TIM","TOTAL_F","DF6","ESP","1986","USD","6","2010",4240.215,
"TIM","TOTAL_F","DF6","ESP","1987","USD","6","2010",4667.073,
"TIM","TOTAL_F","DF6","ESP","1988","USD","6","2010",5498.394,
"TIM","TOTAL_F","DF6","ESP","1989","USD","6","2010",6066.881,
"TIM","TOTAL_F","DF6","ESP","1990","USD","6","2010",7093.815,
"TIM","TOTAL_F","DF6","ESP","1991","USD","6","2010",7467.87,
"TIM","TOTAL_F","DF6","ESP","1992","USD","6","2010",7882.144,"a"
"TIM","TOTAL_F","DF6","ESP","1993","USD","6","2010",7784.186,
"TIM","TOTAL_F","DF6","ESP","1994","USD","6","2010",7369.116,"c"
"TIM","TOTAL_F","DF6","ESP","1995","USD","6","2010",7567.617,
"TIM","TOTAL_F","DF6","ESP","1996","USD","6","2010",7937.015,"c"
"TIM","TOTAL_F","DF6","ESP","1997","USD","6","2010",8127.178,
"TIM","TOTAL_F","DF6","ESP","1998","USD","6","2010",9253.31,"c"
"TIM","TOTAL_F","DF6","ESP","1999","USD","6","2010",9549.033,
"TIM","TOTAL_F","DF6","ESP","2000","USD","6","2010",10585.52,
"TIM","TOTAL_F","DF6","ESP","2001","USD","6","2010",11074.295,
"TIM","TOTAL_F","DF6","ESP","2002","USD","6","2010",12287.261,
"TIM","TOTAL_F","DF6","ESP","2003","USD","6","2010",13499.625,
"TIM","TOTAL_F","DF6","ESP","2004","USD","6","2010",14149.164,
"TIM","TOTAL_F","DF6","ESP","2005","USD","6","2010",15485.445,
"TIM","TOTAL_F","DF6","ESP","2006","USD","6","2010",17256.638,
"TIM","TOTAL_F","DF6","ESP","2007","USD","6","2010",18858.877,
"TIM","TOTAL_F","DF6","ESP","2008","USD","6","2010",20345.318,"a"
"TIM","TOTAL_F","DF6","ESP","2009","USD","6","2010",20128.808,
"TIM","TOTAL_F","DF6","ESP","2010","USD","6","2010",20105.93,
"TIM","TOTAL_F","DF6","ESP","2011","USD","6","2010",19543.252,
"TIM","TOTAL_F","DF6","ESP","2012","USD","6","2010",18438.549,
"TIM","TOTAL_F","DF6","ESP","2013","USD","6","2010",17852.486,
"TIM","TOTAL_F","DF6","ESP","2014","USD","6","2010",17637.061,
"TIM","TOTAL_F","DF6","ESP","2015","USD","6","2010",18029.348,
"TIM","TOTAL_F","DF6","SWE","1981","USD","6","2010",4273.49,"m; a"
"TIM","TOTAL_F","DF6","SWE","1983","USD","6","2010",4910.236,"m"
"TIM","TOTAL_F","DF6","SWE","1985","USD","6","2010",5890.602,"m"
"TIM","TOTAL_F","DF6","SWE","1987","USD","6","2010",6468.003,"m"
"TIM","TOTAL_F","DF6","SWE","1989","USD","6","2010",6676.169,"m"
"TIM","TOTAL_F","DF6","SWE","1991","USD","6","2010",6486.21,"m"
"TIM","TOTAL_F","DF6","SWE","1993","USD","6","2010",7372.52,"m; a"
"TIM","TOTAL_F","DF6","SWE","1995","USD","6","2010",8340.694,"m; a"
"TIM","TOTAL_F","DF6","SWE","1997","USD","6","2010",9229.419,"m"
"TIM","TOTAL_F","DF6","SWE","1999","USD","6","2010",10364.945,"m"
"TIM","TOTAL_F","DF6","SWE","2001","USD","6","2010",12611.683,"m"
"TIM","TOTAL_F","DF6","SWE","2003","USD","6","2010",12171.896,"m"
"TIM","TOTAL_F","DF6","SWE","2004","USD","6","2010",11914.229,"m"
"TIM","TOTAL_F","DF6","SWE","2005","USD","6","2010",12234.331,"a"
"TIM","TOTAL_F","DF6","SWE","2006","USD","6","2010",13236.421,"l; c"
"TIM","TOTAL_F","DF6","SWE","2007","USD","6","2010",12734.12,
"TIM","TOTAL_F","DF6","SWE","2008","USD","6","2010",13591.14,"c"
"TIM","TOTAL_F","DF6","SWE","2009","USD","6","2010",12718.365,
"TIM","TOTAL_F","DF6","SWE","2010","USD","6","2010",12567.483,"c"
"TIM","TOTAL_F","DF6","SWE","2011","USD","6","2010",13035.013,
"TIM","TOTAL_F","DF6","SWE","2012","USD","6","2010",13126.335,"c"
"TIM","TOTAL_F","DF6","SWE","2013","USD","6","2010",13389.306,"m"
"TIM","TOTAL_F","DF6","SWE","2014","USD","6","2010",13072.415,"c"
"TIM","TOTAL_F","DF6","SWE","2015","USD","6","2010",14108.624,"p"
"TIM","TOTAL_F","DF6","CHE","1981","USD","6","2010",4933.711,
"TIM","TOTAL_F","DF6","CHE","1983","USD","6","2010",4937.108,"a; j"
"TIM","TOTAL_F","DF6","CHE","1986","USD","6","2010",6818.019,"a"
"TIM","TOTAL_F","DF6","CHE","1989","USD","6","2010",7413.853,"a"
"TIM","TOTAL_F","DF6","CHE","1992","USD","6","2010",7219.348,
"TIM","TOTAL_F","DF6","CHE","1996","USD","6","2010",7591.32,
"TIM","TOTAL_F","DF6","CHE","2000","USD","6","2010",8016.149,
"TIM","TOTAL_F","DF6","CHE","2004","USD","6","2010",9640.204,
"TIM","TOTAL_F","DF6","CHE","2008","USD","6","2010",11216.865,
"TIM","TOTAL_F","DF6","CHE","2012","USD","6","2010",12647.852,
"TIM","TOTAL_F","DF6","TUR","1990","USD","6","2010",1378.236,
"TIM","TOTAL_F","DF6","TUR","1991","USD","6","2010",2265.037,
"TIM","TOTAL_F","DF6","TUR","1992","USD","6","2010",2225.501,
"TIM","TOTAL_F","DF6","TUR","1993","USD","6","2010",2173.247,
"TIM","TOTAL_F","DF6","TUR","1994","USD","6","2010",1678.179,
"TIM","TOTAL_F","DF6","TUR","1995","USD","6","2010",1890.759,
"TIM","TOTAL_F","DF6","TUR","1996","USD","6","2010",2403.381,
"TIM","TOTAL_F","DF6","TUR","1997","USD","6","2010",2813.792,
"TIM","TOTAL_F","DF6","TUR","1998","USD","6","2010",2941.91,
"TIM","TOTAL_F","DF6","TUR","1999","USD","6","2010",3584.097,
"TIM","TOTAL_F","DF6","TUR","2000","USD","6","2010",3920.336,
"TIM","TOTAL_F","DF6","TUR","2001","USD","6","2010",4149.933,
"TIM","TOTAL_F","DF6","TUR","2002","USD","6","2010",4308.669,
"TIM","TOTAL_F","DF6","TUR","2003","USD","6","2010",4166.192,
"TIM","TOTAL_F","DF6","TUR","2004","USD","6","2010",4888.228,
"TIM","TOTAL_F","DF6","TUR","2005","USD","6","2010",6042.479,
"TIM","TOTAL_F","DF6","TUR","2006","USD","6","2010",6340.126,
"TIM","TOTAL_F","DF6","TUR","2007","USD","6","2010",8263.199,
"TIM","TOTAL_F","DF6","TUR","2008","USD","6","2010",8349.526,
"TIM","TOTAL_F","DF6","TUR","2009","USD","6","2010",9303.733,
"TIM","TOTAL_F","DF6","TUR","2010","USD","6","2010",10088.742,
"TIM","TOTAL_F","DF6","TUR","2011","USD","6","2010",11183.209,
"TIM","TOTAL_F","DF6","TUR","2012","USD","6","2010",12250.719,
"TIM","TOTAL_F","DF6","TUR","2013","USD","6","2010",13080.221,
"TIM","TOTAL_F","DF6","TUR","2014","USD","6","2010",14349.806,
"TIM","TOTAL_F","DF6","GBR","1981","USD","6","2010",25170.305,"a"
"TIM","TOTAL_F","DF6","GBR","1983","USD","6","2010",24657.194,
"TIM","TOTAL_F","DF6","GBR","1985","USD","6","2010",26593.737,"a"
"TIM","TOTAL_F","DF6","GBR","1986","USD","6","2010",27615.951,
"TIM","TOTAL_F","DF6","GBR","1987","USD","6","2010",27998.511,
"TIM","TOTAL_F","DF6","GBR","1988","USD","6","2010",28724.266,
"TIM","TOTAL_F","DF6","GBR","1989","USD","6","2010",29355.98,
"TIM","TOTAL_F","DF6","GBR","1990","USD","6","2010",29471.68,
"TIM","TOTAL_F","DF6","GBR","1991","USD","6","2010",28015.133,
"TIM","TOTAL_F","DF6","GBR","1992","USD","6","2010",27626.3,"a"
"TIM","TOTAL_F","DF6","GBR","1993","USD","6","2010",28686.303,
"TIM","TOTAL_F","DF6","GBR","1994","USD","6","2010",29364.881,
"TIM","TOTAL_F","DF6","GBR","1995","USD","6","2010",27495.048,
"TIM","TOTAL_F","DF6","GBR","1996","USD","6","2010",26988.932,
"TIM","TOTAL_F","DF6","GBR","1997","USD","6","2010",27062.528,
"TIM","TOTAL_F","DF6","GBR","1998","USD","6","2010",28201.148,
"TIM","TOTAL_F","DF6","GBR","1999","USD","6","2010",30627.669,
"TIM","TOTAL_F","DF6","GBR","2000","USD","6","2010",31420.705,
"TIM","TOTAL_F","DF6","GBR","2001","USD","6","2010",32131.463,
"TIM","TOTAL_F","DF6","GBR","2002","USD","6","2010",33059.893,
"TIM","TOTAL_F","DF6","GBR","2003","USD","6","2010",33409.709,
"TIM","TOTAL_F","DF6","GBR","2004","USD","6","2010",33189.241,
"TIM","TOTAL_F","DF6","GBR","2005","USD","6","2010",34615.955,
"TIM","TOTAL_F","DF6","GBR","2006","USD","6","2010",35985.59,
"TIM","TOTAL_F","DF6","GBR","2007","USD","6","2010",37804.123,
"TIM","TOTAL_F","DF6","GBR","2008","USD","6","2010",37713.55,"c"
"TIM","TOTAL_F","DF6","GBR","2009","USD","6","2010",37467.234,"c"
"TIM","TOTAL_F","DF6","GBR","2010","USD","6","2010",37609.277,"c"
"TIM","TOTAL_F","DF6","GBR","2011","USD","6","2010",38290.977,
"TIM","TOTAL_F","DF6","GBR","2012","USD","6","2010",37195.856,"c"
"TIM","TOTAL_F","DF6","GBR","2013","USD","6","2010",39027.007,
"TIM","TOTAL_F","DF6","GBR","2014","USD","6","2010",40688.268,"c"
"TIM","TOTAL_F","DF6","GBR","2015","USD","6","2010",42115.013,"p; c"
"TIM","TOTAL_F","DF6","USA","1981","USD","6","2010",151767.417,"j"
"TIM","TOTAL_F","DF6","USA","1982","USD","6","2010",159434.19,"j"
"TIM","TOTAL_F","DF6","USA","1983","USD","6","2010",170833.681,"j"
"TIM","TOTAL_F","DF6","USA","1984","USD","6","2010",187739.377,"j"
"TIM","TOTAL_F","DF6","USA","1985","USD","6","2010",203747.841,"j"
"TIM","TOTAL_F","DF6","USA","1986","USD","6","2010",208979.614,"j"
"TIM","TOTAL_F","DF6","USA","1987","USD","6","2010",214099.222,"j"
"TIM","TOTAL_F","DF6","USA","1988","USD","6","2010",219163.645,"j"
"TIM","TOTAL_F","DF6","USA","1989","USD","6","2010",223574.076,"j"
"TIM","TOTAL_F","DF6","USA","1990","USD","6","2010",231004.871,"j"
"TIM","TOTAL_F","DF6","USA","1991","USD","6","2010",236765.762,"j"
"TIM","TOTAL_F","DF6","USA","1992","USD","6","2010",237867.386,"j"
"TIM","TOTAL_F","DF6","USA","1993","USD","6","2010",232776.216,"j"
"TIM","TOTAL_F","DF6","USA","1994","USD","6","2010",232680.483,"j"
"TIM","TOTAL_F","DF6","USA","1995","USD","6","2010",247364.122,"j"
"TIM","TOTAL_F","DF6","USA","1996","USD","6","2010",261029.428,"j"
"TIM","TOTAL_F","DF6","USA","1997","USD","6","2010",275991.545,"j"
"TIM","TOTAL_F","DF6","USA","1998","USD","6","2010",291287.673,"a; j"
"TIM","TOTAL_F","DF6","USA","1999","USD","6","2010",310429.641,"j"
"TIM","TOTAL_F","DF6","USA","2000","USD","6","2010",333146.143,"j"
"TIM","TOTAL_F","DF6","USA","2001","USD","6","2010",338685.072,"j"
"TIM","TOTAL_F","DF6","USA","2002","USD","6","2010",333151.403,"j"
"TIM","TOTAL_F","DF6","USA","2003","USD","6","2010",342930.814,"a; j"
"TIM","TOTAL_F","DF6","USA","2004","USD","6","2010",347142.184,"j"
"TIM","TOTAL_F","DF6","USA","2005","USD","6","2010",361065.975,"j"
"TIM","TOTAL_F","DF6","USA","2006","USD","6","2010",377206.793,"j"
"TIM","TOTAL_F","DF6","USA","2007","USD","6","2010",395493.316,"j"
"TIM","TOTAL_F","DF6","USA","2008","USD","6","2010",415342.27,"j"
"TIM","TOTAL_F","DF6","USA","2009","USD","6","2010",411368.639,"j"
"TIM","TOTAL_F","DF6","USA","2010","USD","6","2010",410093,"j"
"TIM","TOTAL_F","DF6","USA","2011","USD","6","2010",421097.894,"j"
"TIM","TOTAL_F","DF6","USA","2012","USD","6","2010",420493.734,"j"
"TIM","TOTAL_F","DF6","USA","2013","USD","6","2010",433248.591,"j"
"TIM","TOTAL_F","DF6","USA","2014","USD","6","2010",445854.464,"j"
"TIM","TOTAL_F","DF6","USA","2015","USD","6","2010",462765.554,"p; j"
"TIM","TOTAL_F","DF6","ARG","1996","USD","6","2010",1929.938,
"TIM","TOTAL_F","DF6","ARG","1997","USD","6","2010",2097.102,
"TIM","TOTAL_F","DF6","ARG","1998","USD","6","2010",2134.102,
"TIM","TOTAL_F","DF6","ARG","1999","USD","6","2010",2271.5,
"TIM","TOTAL_F","DF6","ARG","2000","USD","6","2010",2180.815,
"TIM","TOTAL_F","DF6","ARG","2001","USD","6","2010",2016.495,
"TIM","TOTAL_F","DF6","ARG","2002","USD","6","2010",1652.763,
"TIM","TOTAL_F","DF6","ARG","2003","USD","6","2010",1892.24,
"TIM","TOTAL_F","DF6","ARG","2004","USD","6","2010",2207.262,
"TIM","TOTAL_F","DF6","ARG","2005","USD","6","2010",2495.058,
"TIM","TOTAL_F","DF6","ARG","2006","USD","6","2010",2897.954,
"TIM","TOTAL_F","DF6","ARG","2007","USD","6","2010",3214.093,
"TIM","TOTAL_F","DF6","ARG","2008","USD","6","2010",3422.432,
"TIM","TOTAL_F","DF6","ARG","2009","USD","6","2010",4012.358,"p; a"
"TIM","TOTAL_F","DF6","ARG","2010","USD","6","2010",4250.668,"p"
"TIM","TOTAL_F","DF6","ARG","2011","USD","6","2010",4552.802,"p"
"TIM","TOTAL_F","DF6","ARG","2012","USD","6","2010",5056.692,"p"
"TIM","TOTAL_F","DF6","ARG","2013","USD","6","2010",5046.956,"p"
"TIM","TOTAL_F","DF6","ARG","2014","USD","6","2010",4669.836,"p"
"TIM","TOTAL_F","DF6","CHL","2007","USD","6","2010",891.892,
"TIM","TOTAL_F","DF6","CHL","2008","USD","6","2010",1112.594,
"TIM","TOTAL_F","DF6","CHL","2009","USD","6","2010",1036.214,"a"
"TIM","TOTAL_F","DF6","CHL","2010","USD","6","2010",1027.775,
"TIM","TOTAL_F","DF6","CHL","2011","USD","6","2010",1161.551,
"TIM","TOTAL_F","DF6","CHL","2012","USD","6","2010",1264.295,
"TIM","TOTAL_F","DF6","CHL","2013","USD","6","2010",1407.346,
"TIM","TOTAL_F","DF6","CHL","2014","USD","6","2010",1386.482,"a"
"TIM","TOTAL_F","DF6","CHL","2015","USD","6","2010",1448.398,"p"
"TIM","TOTAL_F","DF6","CHN","1991","USD","6","2010",13442.281,"m"
"TIM","TOTAL_F","DF6","CHN","1992","USD","6","2010",15429.929,"m"
"TIM","TOTAL_F","DF6","CHN","1993","USD","6","2010",16776.561,"m"
"TIM","TOTAL_F","DF6","CHN","1994","USD","6","2010",17175.74,"m"
"TIM","TOTAL_F","DF6","CHN","1995","USD","6","2010",17204.232,"m"
"TIM","TOTAL_F","DF6","CHN","1996","USD","6","2010",18737.679,"m"
"TIM","TOTAL_F","DF6","CHN","1997","USD","6","2010",23211.784,"m"
"TIM","TOTAL_F","DF6","CHN","1998","USD","6","2010",25352.909,"m"
"TIM","TOTAL_F","DF6","CHN","1999","USD","6","2010",31630.624,"m"
"TIM","TOTAL_F","DF6","CHN","2000","USD","6","2010",40886.521,"a"
"TIM","TOTAL_F","DF6","CHN","2001","USD","6","2010",46633.91,
"TIM","TOTAL_F","DF6","CHN","2002","USD","6","2010",57254.292,
"TIM","TOTAL_F","DF6","CHN","2003","USD","6","2010",66724.085,
"TIM","TOTAL_F","DF6","CHN","2004","USD","6","2010",79677.149,
"TIM","TOTAL_F","DF6","CHN","2005","USD","6","2010",95544.895,
"TIM","TOTAL_F","DF6","CHN","2006","USD","6","2010",112690.934,
"TIM","TOTAL_F","DF6","CHN","2007","USD","6","2010",129145.989,
"TIM","TOTAL_F","DF6","CHN","2008","USD","6","2010",149005.764,
"TIM","TOTAL_F","DF6","CHN","2009","USD","6","2010",187541.99,"a"
"TIM","TOTAL_F","DF6","CHN","2010","USD","6","2010",213460.102,
"TIM","TOTAL_F","DF6","CHN","2011","USD","6","2010",242772.417,
"TIM","TOTAL_F","DF6","CHN","2012","USD","6","2010",281082.084,
"TIM","TOTAL_F","DF6","CHN","2013","USD","6","2010",316301.81,
"TIM","TOTAL_F","DF6","CHN","2014","USD","6","2010",344650.676,
"TIM","TOTAL_F","DF6","CHN","2015","USD","6","2010",376858.922,
"TIM","TOTAL_F","DF6","EST","1998","USD","6","2010",108.6,
"TIM","TOTAL_F","DF6","EST","1999","USD","6","2010",128.4,
"TIM","TOTAL_F","DF6","EST","2000","USD","6","2010",125.172,
"TIM","TOTAL_F","DF6","EST","2001","USD","6","2010",155.131,
"TIM","TOTAL_F","DF6","EST","2002","USD","6","2010",168.47,
"TIM","TOTAL_F","DF6","EST","2003","USD","6","2010",194.026,
"TIM","TOTAL_F","DF6","EST","2004","USD","6","2010",228.844,
"TIM","TOTAL_F","DF6","EST","2005","USD","6","2010",271.366,
"TIM","TOTAL_F","DF6","EST","2006","USD","6","2010",361.776,
"TIM","TOTAL_F","DF6","EST","2007","USD","6","2010",373.114,
"TIM","TOTAL_F","DF6","EST","2008","USD","6","2010",415.85,
"TIM","TOTAL_F","DF6","EST","2009","USD","6","2010",392.879,
"TIM","TOTAL_F","DF6","EST","2010","USD","6","2010",455.365,
"TIM","TOTAL_F","DF6","EST","2011","USD","6","2010",714.531,
"TIM","TOTAL_F","DF6","EST","2012","USD","6","2010",685.886,
"TIM","TOTAL_F","DF6","EST","2013","USD","6","2010",565.612,
"TIM","TOTAL_F","DF6","EST","2014","USD","6","2010",488.99,
"TIM","TOTAL_F","DF6","EST","2015","USD","6","2010",511.022,"p"
"TIM","TOTAL_F","DF6","ISR","1991","USD","6","2010",2144.106,"d"
"TIM","TOTAL_F","DF6","ISR","1992","USD","6","2010",2370.041,"d"
"TIM","TOTAL_F","DF6","ISR","1993","USD","6","2010",2574.788,"d"
"TIM","TOTAL_F","DF6","ISR","1994","USD","6","2010",2826.014,"d"
"TIM","TOTAL_F","DF6","ISR","1995","USD","6","2010",3021.995,"d"
"TIM","TOTAL_F","DF6","ISR","1996","USD","6","2010",3409.08,"d"
"TIM","TOTAL_F","DF6","ISR","1997","USD","6","2010",3841.535,"d"
"TIM","TOTAL_F","DF6","ISR","1998","USD","6","2010",4160.442,"d"
"TIM","TOTAL_F","DF6","ISR","1999","USD","6","2010",4911.759,"d"
"TIM","TOTAL_F","DF6","ISR","2000","USD","6","2010",6319.887,"a; d"
"TIM","TOTAL_F","DF6","ISR","2001","USD","6","2010",6736.089,"d"
"TIM","TOTAL_F","DF6","ISR","2002","USD","6","2010",6639.936,"d"
"TIM","TOTAL_F","DF6","ISR","2003","USD","6","2010",6332.222,"d"
"TIM","TOTAL_F","DF6","ISR","2004","USD","6","2010",6609.134,"d"
"TIM","TOTAL_F","DF6","ISR","2005","USD","6","2010",7191.461,"d"
"TIM","TOTAL_F","DF6","ISR","2006","USD","6","2010",7780.395,"d"
"TIM","TOTAL_F","DF6","ISR","2007","USD","6","2010",8827.144,"d"
"TIM","TOTAL_F","DF6","ISR","2008","USD","6","2010",8924.212,"d"
"TIM","TOTAL_F","DF6","ISR","2009","USD","6","2010",8611.351,"d"
"TIM","TOTAL_F","DF6","ISR","2010","USD","6","2010",8666.282,"d"
"TIM","TOTAL_F","DF6","ISR","2011","USD","6","2010",9283.779,"d"
"TIM","TOTAL_F","DF6","ISR","2012","USD","6","2010",9845.836,"d"
"TIM","TOTAL_F","DF6","ISR","2013","USD","6","2010",10238.258,"d"
"TIM","TOTAL_F","DF6","ISR","2014","USD","6","2010",10880.051,"d"
"TIM","TOTAL_F","DF6","ISR","2015","USD","6","2010",11106.96,"d"
"TIM","TOTAL_F","DF6","ROU","1991","USD","6","2010",1584.743,"b; j"
"TIM","TOTAL_F","DF6","ROU","1992","USD","6","2010",1576.571,"a; b; j"
"TIM","TOTAL_F","DF6","ROU","1993","USD","6","2010",1719.259,"b; j"
"TIM","TOTAL_F","DF6","ROU","1994","USD","6","2010",1514.609,"b; j"
"TIM","TOTAL_F","DF6","ROU","1995","USD","6","2010",1676.765,"a"
"TIM","TOTAL_F","DF6","ROU","1996","USD","6","2010",1549.042,
"TIM","TOTAL_F","DF6","ROU","1997","USD","6","2010",1254.421,
"TIM","TOTAL_F","DF6","ROU","1998","USD","6","2010",1059.806,
"TIM","TOTAL_F","DF6","ROU","1999","USD","6","2010",848.99,
"TIM","TOTAL_F","DF6","ROU","2000","USD","6","2010",800.452,
"TIM","TOTAL_F","DF6","ROU","2001","USD","6","2010",900.301,
"TIM","TOTAL_F","DF6","ROU","2002","USD","6","2010",918.024,
"TIM","TOTAL_F","DF6","ROU","2003","USD","6","2010",986.969,
"TIM","TOTAL_F","DF6","ROU","2004","USD","6","2010",1068.508,
"TIM","TOTAL_F","DF6","ROU","2005","USD","6","2010",1183.995,
"TIM","TOTAL_F","DF6","ROU","2006","USD","6","2010",1416.771,
"TIM","TOTAL_F","DF6","ROU","2007","USD","6","2010",1746.67,
"TIM","TOTAL_F","DF6","ROU","2008","USD","6","2010",2068.529,
"TIM","TOTAL_F","DF6","ROU","2009","USD","6","2010",1561.335,
"TIM","TOTAL_F","DF6","ROU","2010","USD","6","2010",1516.641,
"TIM","TOTAL_F","DF6","ROU","2011","USD","6","2010",1671.996,"a"
"TIM","TOTAL_F","DF6","ROU","2012","USD","6","2010",1646.399,
"TIM","TOTAL_F","DF6","ROU","2013","USD","6","2010",1365.921,
"TIM","TOTAL_F","DF6","ROU","2014","USD","6","2010",1392.801,
"TIM","TOTAL_F","DF6","ROU","2015","USD","6","2010",1850.523,
"TIM","TOTAL_F","DF6","RUS","1989","USD","6","2010",53262.019,
"TIM","TOTAL_F","DF6","RUS","1990","USD","6","2010",55116.137,
"TIM","TOTAL_F","DF6","RUS","1991","USD","6","2010",36850.143,
"TIM","TOTAL_F","DF6","RUS","1992","USD","6","2010",16294.865,
"TIM","TOTAL_F","DF6","RUS","1993","USD","6","2010",15454.61,
"TIM","TOTAL_F","DF6","RUS","1994","USD","6","2010",14824.238,
"TIM","TOTAL_F","DF6","RUS","1995","USD","6","2010",14369.697,
"TIM","TOTAL_F","DF6","RUS","1996","USD","6","2010",15731.088,
"TIM","TOTAL_F","DF6","RUS","1997","USD","6","2010",17233.284,
"TIM","TOTAL_F","DF6","RUS","1998","USD","6","2010",14907.021,
"TIM","TOTAL_F","DF6","RUS","1999","USD","6","2010",16558.572,
"TIM","TOTAL_F","DF6","RUS","2000","USD","6","2010",19202.433,
"TIM","TOTAL_F","DF6","RUS","2001","USD","6","2010",22623.339,
"TIM","TOTAL_F","DF6","RUS","2002","USD","6","2010",25097.389,
"TIM","TOTAL_F","DF6","RUS","2003","USD","6","2010",27753.093,
"TIM","TOTAL_F","DF6","RUS","2004","USD","6","2010",26629.174,
"TIM","TOTAL_F","DF6","RUS","2005","USD","6","2010",26275.957,
"TIM","TOTAL_F","DF6","RUS","2006","USD","6","2010",28550.654,
"TIM","TOTAL_F","DF6","RUS","2007","USD","6","2010",32234.417,
"TIM","TOTAL_F","DF6","RUS","2008","USD","6","2010",31744.554,
"TIM","TOTAL_F","DF6","RUS","2009","USD","6","2010",35077.847,
"TIM","TOTAL_F","DF6","RUS","2010","USD","6","2010",33093.504,
"TIM","TOTAL_F","DF6","RUS","2011","USD","6","2010",33298.441,
"TIM","TOTAL_F","DF6","RUS","2012","USD","6","2010",35251.973,
"TIM","TOTAL_F","DF6","RUS","2013","USD","6","2010",36047.187,
"TIM","TOTAL_F","DF6","RUS","2014","USD","6","2010",37386.071,
"TIM","TOTAL_F","DF6","RUS","2015","USD","6","2010",37469.716,
"TIM","TOTAL_F","DF6","SGP","1994","USD","6","2010",1509.004,
"TIM","TOTAL_F","DF6","SGP","1995","USD","6","2010",1699.156,
"TIM","TOTAL_F","DF6","SGP","1996","USD","6","2010",2195.998,
"TIM","TOTAL_F","DF6","SGP","1997","USD","6","2010",2552.391,
"TIM","TOTAL_F","DF6","SGP","1998","USD","6","2010",3064.205,
"TIM","TOTAL_F","DF6","SGP","1999","USD","6","2010",3398.367,
"TIM","TOTAL_F","DF6","SGP","2000","USD","6","2010",3711.498,
"TIM","TOTAL_F","DF6","SGP","2001","USD","6","2010",4078.151,
"TIM","TOTAL_F","DF6","SGP","2002","USD","6","2010",4349.424,
"TIM","TOTAL_F","DF6","SGP","2003","USD","6","2010",4450.721,
"TIM","TOTAL_F","DF6","SGP","2004","USD","6","2010",5063.976,
"TIM","TOTAL_F","DF6","SGP","2005","USD","6","2010",5588.254,
"TIM","TOTAL_F","DF6","SGP","2006","USD","6","2010",6006.291,
"TIM","TOTAL_F","DF6","SGP","2007","USD","6","2010",7179.34,
"TIM","TOTAL_F","DF6","SGP","2008","USD","6","2010",8195.22,
"TIM","TOTAL_F","DF6","SGP","2009","USD","6","2010",6711.16,
"TIM","TOTAL_F","DF6","SGP","2010","USD","6","2010",7210.033,
"TIM","TOTAL_F","DF6","SGP","2011","USD","6","2010",8185.255,
"TIM","TOTAL_F","DF6","SGP","2012","USD","6","2010",7903.578,
"TIM","TOTAL_F","DF6","SGP","2013","USD","6","2010",8312.045,
"TIM","TOTAL_F","DF6","SGP","2014","USD","6","2010",9363.368,
"TIM","TOTAL_F","DF6","SVN","1993","USD","6","2010",498.215,
"TIM","TOTAL_F","DF6","SVN","1994","USD","6","2010",576.663,
"TIM","TOTAL_F","DF6","SVN","1995","USD","6","2010",530.777,"l"
"TIM","TOTAL_F","DF6","SVN","1996","USD","6","2010",465.921,
"TIM","TOTAL_F","DF6","SVN","1997","USD","6","2010",482.378,
"TIM","TOTAL_F","DF6","SVN","1998","USD","6","2010",521.836,
"TIM","TOTAL_F","DF6","SVN","1999","USD","6","2010",562.717,
"TIM","TOTAL_F","DF6","SVN","2000","USD","6","2010",594.056,
"TIM","TOTAL_F","DF6","SVN","2001","USD","6","2010",661.824,
"TIM","TOTAL_F","DF6","SVN","2002","USD","6","2010",673.635,
"TIM","TOTAL_F","DF6","SVN","2003","USD","6","2010",599.628,
"TIM","TOTAL_F","DF6","SVN","2004","USD","6","2010",687.416,
"TIM","TOTAL_F","DF6","SVN","2005","USD","6","2010",738.049,
"TIM","TOTAL_F","DF6","SVN","2006","USD","6","2010",846.392,
"TIM","TOTAL_F","DF6","SVN","2007","USD","6","2010",840.731,
"TIM","TOTAL_F","DF6","SVN","2008","USD","6","2010",991.578,"a"
"TIM","TOTAL_F","DF6","SVN","2009","USD","6","2010",1021.482,
"TIM","TOTAL_F","DF6","SVN","2010","USD","6","2010",1171.539,
"TIM","TOTAL_F","DF6","SVN","2011","USD","6","2010",1388.858,"a"
"TIM","TOTAL_F","DF6","SVN","2012","USD","6","2010",1437.866,
"TIM","TOTAL_F","DF6","SVN","2013","USD","6","2010",1435.909,
"TIM","TOTAL_F","DF6","SVN","2014","USD","6","2010",1356.176,
"TIM","TOTAL_F","DF6","SVN","2015","USD","6","2010",1287,"p"
"TIM","TOTAL_F","DF6","ZAF","1983","USD","6","2010",2504.68,
"TIM","TOTAL_F","DF6","ZAF","1985","USD","6","2010",2692.753,
"TIM","TOTAL_F","DF6","ZAF","1987","USD","6","2010",2477.149,
"TIM","TOTAL_F","DF6","ZAF","1989","USD","6","2010",2449.17,
"TIM","TOTAL_F","DF6","ZAF","1991","USD","6","2010",2878.405,
"TIM","TOTAL_F","DF6","ZAF","1993","USD","6","2010",2071.28,
"TIM","TOTAL_F","DF6","ZAF","1997","USD","6","2010",2329.865,
"TIM","TOTAL_F","DF6","ZAF","2001","USD","6","2010",3146.292,"m"
"TIM","TOTAL_F","DF6","ZAF","2003","USD","6","2010",3567.721,
"TIM","TOTAL_F","DF6","ZAF","2004","USD","6","2010",3989.338,
"TIM","TOTAL_F","DF6","ZAF","2005","USD","6","2010",4457.065,
"TIM","TOTAL_F","DF6","ZAF","2006","USD","6","2010",4897.676,
"TIM","TOTAL_F","DF6","ZAF","2007","USD","6","2010",5072.398,
"TIM","TOTAL_F","DF6","ZAF","2008","USD","6","2010",5265.646,
"TIM","TOTAL_F","DF6","ZAF","2009","USD","6","2010",4877.963,
"TIM","TOTAL_F","DF6","ZAF","2010","USD","6","2010",4433.255,
"TIM","TOTAL_F","DF6","ZAF","2011","USD","6","2010",4558.065,
"TIM","TOTAL_F","DF6","ZAF","2012","USD","6","2010",4643.223,
"TIM","TOTAL_F","DF6","ZAF","2013","USD","6","2010",4709.387,
"TIM","TOTAL_F","DF6","TWN","1995","USD","6","2010",7536.899,"d"
"TIM","TOTAL_F","DF6","TWN","1996","USD","6","2010",8126.463,"d"
"TIM","TOTAL_F","DF6","TWN","1997","USD","6","2010",9008.307,"d"
"TIM","TOTAL_F","DF6","TWN","1998","USD","6","2010",9846.88,"d"
"TIM","TOTAL_F","DF6","TWN","1999","USD","6","2010",10843.696,"d"
"TIM","TOTAL_F","DF6","TWN","2000","USD","6","2010",11351.129,"d"
"TIM","TOTAL_F","DF6","TWN","2001","USD","6","2010",11845.41,"d"
"TIM","TOTAL_F","DF6","TWN","2002","USD","6","2010",13022.601,"a"
"TIM","TOTAL_F","DF6","TWN","2003","USD","6","2010",14296.334,"a"
"TIM","TOTAL_F","DF6","TWN","2004","USD","6","2010",15532.104,
"TIM","TOTAL_F","DF6","TWN","2005","USD","6","2010",16835.043,
"TIM","TOTAL_F","DF6","TWN","2006","USD","6","2010",18587.605,
"TIM","TOTAL_F","DF6","TWN","2007","USD","6","2010",20171.374,
"TIM","TOTAL_F","DF6","TWN","2008","USD","6","2010",21965.866,
"TIM","TOTAL_F","DF6","TWN","2009","USD","6","2010",22928.549,
"TIM","TOTAL_F","DF6","TWN","2010","USD","6","2010",25060.774,
"TIM","TOTAL_F","DF6","TWN","2011","USD","6","2010",26867.9,
"TIM","TOTAL_F","DF6","TWN","2012","USD","6","2010",27953.784,
"TIM","TOTAL_F","DF6","TWN","2013","USD","6","2010",29083.424,
"TIM","TOTAL_F","DF6","TWN","2014","USD","6","2010",30213.045,
"TIM","TOTAL_F","DF6","TWN","2015","USD","6","2010",30968.037,
